SEZNAM ŽENSKÝCH JMEN,,,,,,,,,,,,
Jména T,,Jména U,,Jména V,,Jména W,,"Jména X,Y",,"Jména Z, Ž",,
TABEA,,ULIANA,,VAANI,,WALBURGA,,XANTHE,,ZABELLE,,
TABITA,,ULJANA,,VÁCLAVA,,WALDEMARA,,XANTI,,ZAFIRIA,,
TABITHA,,ULRIKA,,VÁCLAVKA,,WALDTRAUD,,XENIA,,ZAHA,,
TAIRA,,ULRIKE,,VAIANA,,WALDTRAUT,,XÉNIA,,ZAHRA,,
TAISA,,ULYANA,,VAIŠNAVÍ,,WALENTYNA,,XENIE,,ZAIRA,,
TAISIA,,UMAY,,VALBURGA,,WALERIA,,XENIJA,,ZAKIYAH,,
TAISIJA,,UMWIZA,,VALDEMARA,,WALERIE,,XITLALLI,,ZALA,,
TAJA,,UNA,,VALENTINA,,WALTRAUD,,YAARA,,ZANA,,
TALI,,ÜNZILE,,VALENTÍNA,,WALTRAUDA,,YAHLI,,ZANZI,,
TALIA,,URANIA,,VALENTYNA,,WALTRAUT,,YANA,,ZARA,,
TALIANA,,URSULA,,VALENTÝNA,,WANDA,,YANITA,,ZAREEN,,
TALYA,,URSZULA,,VALERIA,,WANESA,,YARA,,ZARETA,,
TAM,,URŠA,,VALÉRIA,,WANJIKU,,YASMEEN,,ZARI,,
TAMAR,,URŠULA,,VALERIANA,,WENDULA,,YASMIN,,ZARIA,,
TÁMAR,,UVA,,VALÉRIE,,WERA,,YASMINA,,ZARIN,,
TAMARA,,UYANGA,,VALERIIA,,WERONIKA,,YASMINE,,ZARINA,,
TAMIA,,UYEN,,VALERIJA,,WIESLAWA,,YAZMIN,,ZARIYAH,,
TAMIKA,,,,VALERIYA,,WIESŁAWA,,YEKATERINA,,ZARJA,,
TAMILA,,,,VALESKA,,WIKTORIA,,YEMAYA,,ZARRA,,
TAMILLA,,,,VALI,,WILLOW,,YESIM,,ZARUHI,,
TAŇA,,,,VALJA,,WILMA,,YEVHENIYA,,ZAVI,,
TÁŇA,,,,VALLERIE,,WIOLETTA,,YIFAT,,ZAYA,,
TANIA,,,,VALLERY,,WLADYSLAWA,,YIJIE,,ZAYANA,,
TANINA,,,,VALPURGA,,WŁADYSŁAWA,,YITTY,,ZAZIE,,
TANISHA,,,,VALTRAUD,,WOLFRUN,,YLONA,,ZBYŇKA,,
TANITA,,,,VALTRAUDA,,,,YOGINI,,ZDARA,,
TANJA,,,,VANDA,,,,YOLANDA,,ZDENA,,
TANNU,,,,VANES,,,,YOSADARA,,ZDEŇA,,
TÁRA,,,,VANESA,,,,YSABEL,,ZDĚNA,,
TARJA,,,,VANESS,,,,YUI,,ZDENIČKA,,
TASNEEM,,,,VANESSA,,,,YULI,,ZDENKA,,
TAŤANA,,,,VARDA,,,,YULIA,,ZDEŇKA,,
TAŤÁNA,,,,VART,,,,YULIANNA,,ZDĚNKA,,
TATEV,,,,VARTE,,,,YULIYA,,ZDISLAVA,,
TATEVIK,,,,VARVARA,,,,YUMI,,ZDRAVKA,,
TATEY,,,,VARY,,,,YUNA,,ZEHAVA,,
TATIANA,,,,VASANTI,,,,YUSRA,,ZEHAVIT,,
TATJANA,,,,VASILA,,,,YUZU,,ZEINA,,
TAŤJANA,,,,VASILIE,,,,YVAINE,,ZEINAB,,
TAŤJÁNA,,,,VASILIKA,,,,YVETA,,ZEMFIRA,,
TATYANA,,,,VASILIKI,,,,YVETTA,,ZEMRIE,,
TAURIEL,,,,VASILINA,,,,YVETTE,,ZEPHANI,,
TAYLA,,,,VASILISA,,,,YVONA,,ZEYA,,
TAYLAH,,,,VASILKA,,,,YVONNA,,ZEYNEP,,
TEA,,,,VASYLYNA,,,,YVONNE,,ZEYNET,,
TÉA,,,,VĚDA,,,,YWETA,,ZHANNA,,
TEKLA,,,,VĚDUNA,,,,YWETTA,,ZHENAI,,
TELMA,,,,VĚDUNKA,,,,,,ZIARA,,
TEMARI,,,,VEISINIA,,,,,,ZINA,,
TEMPEST,,,,VĚKOSLAVA,,,,,,ZINAIDA,,
TENA,,,,VELENA,,,,,,ZINAJDA,,
TENE,,,,VELESLAVA,,,,,,ZINOČKA,,
TEODORA,,,,VELIČKA,,,,,,ZITA,,
TEONA,,,,VĚNA,,,,,,ZIVA,,
TERESA,,,,VENCESLAVA,,,,,,ZLATA,,
TERESIA,,,,VĚNCESLAVA,,,,,,ZLAŤA,,
TERESIE,,,,VENDELÍNA,,,,,,ZLATAVA,,
TERESSA,,,,VENDULA,,,,,,ZLATICA,,
TEREZA,,,,VENDULKA,,,,,,ZLATICE,,
TEREZIA,,,,VENETA,,,,,,ZLATKA,,
TERÉZIA,,,,VENEZIA,,,,,,ZLATOMILA,,
TEREZIE,,,,VĚNKA,,,,,,ZLATOMÍRA,,
TERÉZIE,,,,VENTY,,,,,,ZLATOSLAVA,,
TEREZKA,,,,VENUŠE,,,,,,ZLATUŠE,,
TERRI,,,,VENUŠKA,,,,,,ZLATUŠKA,,
TESS,,,,VERA,,,,,,ZOË,,
TESSA,,,,VĚRA,,,,,,ZOÉ,,
TESSIE,,,,VERED,,,,,,ZOEL,,
TESSY,,,,VERENA,,,,,,ZOELLA,,
TEŤANA,,,,VERIANA,,,,,,ZOEY,,
TETIANA,,,,VERKA,,,,,,ZOEYA,,
TETJANA,,,,VĚRKA,,,,,,ZOFIA,,
TETYANA,,,,VERONA,,,,,,ZOI,,
TEUTA,,,,VERONICA,,,,,,ZOJA,,
TEVI,,,,VERÓNICA,,,,,,ZOOEY,,
TEYA,,,,VERONIKA,,,,,,ZORA,,
TEYLA,,,,VERONIKI,,,,,,ZORANA,,
THALIA,,,,VÉRONIQUE,,,,,,ZORAYA,,
THANINA,,,,VĚROSLAVA,,,,,,ZORIA,,
THAO MY,,,,VĚRUŠKA,,,,,,ZORICA,,
THÉA,,,,VĚSLAVA,,,,,,ZORJANA,,
THEADORA,,,,VESNA,,,,,,ZORKA,,
THELMA,,,,VESPER,,,,,,ZORYANA,,
THEMA,,,,VIAN,,,,,,ZOYA,,
THEODORA,,,,VIANNA,,,,,,ZSÓFIA,,
THEOPHANU,,,,VICA,,,,,,ZULFIJA,,
THERESA,,,,VICTORIA,,,,,,ZURI,,
THERESE,,,,VICTORIE,,,,,,ZUZA,,
THERESIA,,,,VICTORY,,,,,,ZUZANA,,
THEREZIA,,,,VIERA,,,,,,ZUZANKA,,
THIA,,,,VIERKA,,,,,,ZUZANNA,,
THORA,,,,VIEROSLAVA,,,,,,ZUZKA,,
THORI,,,,VIJA,,,,,,ŽAKELINA,,
THOURAYA,,,,VIKA,,,,,,ŽAKELÍNA,,
THUY,,,,VIKKI,,,,,,ŽAKLINA,,
THUYTIEN,,,,VIKTORIA,,,,,,ŽALJA,,
THY,,,,VIKTÓRIA,,,,,,ŽANA,,
TIA,,,,VIKTORIE,,,,,,ŽANET,,
TIANA,,,,VIKTÓRIE,,,,,,ŽANETA,,
TIANNYAO,,,,VIKTORIIA,,,,,,ŽANNA,,
TIANYAO,,,,VIKTORIJA,,,,,,ŽASMINA ,,
TIARA,,,,VIKTORIYA,,,,,,ŽELMÍRA,,
TIFANY,,,,VIKTORKA,,,,,,ŽEŇA,,
TIFFANY,,,,VIKY,,,,,,ŽIVA,,
TIJANA,,,,VILEMA,,,,,,ŽIVANA,,
TILIA,,,,VILÉMA,,,,,,ŽOFIA,,
TILKA,,,,VILEMINA,,,,,,ŽOFIE,,
TILLY,,,,VILEMÍNA,,,,,,,,
TIMEA,,,,VILÉMINA,,,,,,,,
TÍMEA,,,,VILMA,,,,,,,,
TIMEO,,,,VILUŠE,,,,,,,,
TIMOTEA,,,,VILUŠKA,,,,,,,,
TINA,,,,VIMALA,,,,,,,,
TISHA,,,,VINCENCIA,,,,,,,,
TIWALOLA,,,,VINCENCIE,,,,,,,,
TIYA,,,,VIOLA,,,,,,,,
TIZIANA,,,,VIOLET,,,,,,,,
TOGZHAN,,,,VIOLETA,,,,,,,,
TOMÁŠKA,,,,VIOLETT,,,,,,,,
TOMIRIS,,,,VIOLETTA,,,,,,,,
TONIČKA,,,,VIOLETTE,,,,,,,,
TONJA,,,,VIOLKA,,,,,,,,
TONKA,,,,VIORICA,,,,,,,,
TORI,,,,VIRA,,,,,,,,
TORIANA,,,,VIRGINIA,,,,,,,,
TORIE,,,,VIRGINIE,,,,,,,,
TRAUTE,,,,VITA,,,,,,,,
TRENITA,,,,VÍTA,,,,,,,,
TRILLIAN ,,,,VÍŤA,,,,,,,,
TRINA,,,,VITALIJA,,,,,,,,
TRINNA,,,,VITALINA,,,,,,,,
TRISKA,,,,VITĚZSLAVA,,,,,,,,
TRUC,,,,VÍTĚZSLAVA,,,,,,,,
TRUDA,,,,VITTORIA,,,,,,,,
TRUDY,,,,VIVIANA,,,,,,,,
TRUE,,,,VIVIANE,,,,,,,,
TUILELAITH,,,,VIVIANNA,,,,,,,,
TÜNDE,,,,VIVIANNE,,,,,,,,
TUULI,,,,VIVIENNE,,,,,,,,
TUYET NHI,,,,VIVIETTE,,,,,,,,
TYA,,,,VLADANA,,,,,,,,
TYNA,,,,VLADĚNA,,,,,,,,
TÝNA,,,,VLADIMÍRA,,,,,,,,
ŤANKA,,,,VLADISLAVA,,,,,,,,
,,,,VLADKA,,,,,,,,
,,,,VLAĎKA,,,,,,,,
,,,,VLADLENA,,,,,,,,
,,,,VLADYA,,,,,,,,
,,,,VLADYSLAVA,,,,,,,,
,,,,VLASTI,,,,,,,,
,,,,VLASTIMILA,,,,,,,,
,,,,VLASTIMÍRA,,,,,,,,
,,,,VLASTISLAVA,,,,,,,,
,,,,VOJTĚCHA,,,,,,,,
,,,,VOJTĚŠKA,,,,,,,,
,,,,VOLHA,,,,,,,,
,,,,VORŠILA,,,,,,,,
,,,,VRATISLAVA,,,,,,,,
,,,,VRINDAVANI,,,,,,,,
,,,,VRONA,,,,,,,,
,,,,,,,,,,,,
,,,,,,,,,,,,
,,,,,,,,,,,,
,,,,,,,,,,,,
,,,,,,,,,,,,
,,,,,,,,,,,,
,,,,,,,,,,,,
,,,,,,,,,,,,
,,,,,,,,,,,,
,,,,,,,,,,,,
,,,,,,,,,,,,
,,,,,,,,,,,,
,,,,,,,,,,,,
,,,,,,,,,,,,
,,,,,,,,,,,,
,,,,,,,,,,,,
,,,,,,,,,,,,
,,,,,,,,,,,,
,,,,,,,,,,,,
,,,,,,,,,,,,
,,,,,,,,,,,,
,,,,,,,,,,,,
,,,,,,,,,,,,
,,,,,,,,,,,,
,,,,,,,,,,,,
,,,,,,,,,,,,
,,,,,,,,,,,,
,,,,,,,,,,,,
,,,,,,,,,,,,
,,,,,,,,,,,,
,,,,,,,,,,,,
,,,,,,,,,,,,
,,,,,,,,,,,,
,,,,,,,,,,,,
,,,,,,,,,,,,
,,,,,,,,,,,,
,,,,,,,,,,,,
,,,,,,,,,,,,
,,,,,,,,,,,,
,,,,,,,,,,,,
,,,,,,,,,,,,
,,,,,,,,,,,,
,,,,,,,,,,,,
,,,,,,,,,,,,
,,,,,,,,,,,,
,,,,,,,,,,,,
,,,,,,,,,,,,
,,,,,,,,,,,,
,,,,,,,,,,,,
,,,,,,,,,,,,
,,,,,,,,,,,,
,,,,,,,,,,,,
,,,,,,,,,,,,
,,,,,,,,,,,,
,,,,,,,,,,,,
,,,,,,,,,,,,
,,,,,,,,,,,,
,,,,,,,,,,,,
,,,,,,,,,,,,
,,,,,,,,,,,,
,,,,,,,,,,,,
,,,,,,,,,,,,
,,,,,,,,,,,,
,,,,,,,,,,,,
,,,,,,,,,,,,
,,,,,,,,,,,,
,,,,,,,,,,,,
,,,,,,,,,,,,
,,,,,,,,,,,,
,,,,,,,,,,,,
,,,,,,,,,,,,
,,,,,,,,,,,,
,,,,,,,,,,,,
,,,,,,,,,,,,
,,,,,,,,,,,,
,,,,,,,,,,,,
,,,,,,,,,,,,
,,,,,,,,,,,,
,,,,,,,,,,,,
,,,,,,,,,,,,
,,,,,,,,,,,,
,,,,,,,,,,,,
,,,,,,,,,,,,
,,,,,,,,,,,,
,,,,,,,,,,,,
,,,,,,,,,,,,
,,,,,,,,,,,,
,,,,,,,,,,,,
,,,,,,,,,,,,
,,,,,,,,,,,,
,,,,,,,,,,,,
,,,,,,,,,,,,
,,,,,,,,,,,,
,,,,,,,,,,,,
,,,,,,,,,,,,
,,,,,,,,,,,,
,,,,,,,,,,,,
,,,,,,,,,,,,
,,,,,,,,,,,,
,,,,,,,,,,,,
,,,,,,,,,,,,
,,,,,,,,,,,,
,,,,,,,,,,,,
,,,,,,,,,,,,
,,,,,,,,,,,,
,,,,,,,,,,,,
,,,,,,,,,,,,
,,,,,,,,,,,,
,,,,,,,,,,,,
,,,,,,,,,,,,
,,,,,,,,,,,,
,,,,,,,,,,,,
,,,,,,,,,,,,
,,,,,,,,,,,,
,,,,,,,,,,,,
,,,,,,,,,,,,
,,,,,,,,,,,,
,,,,,,,,,,,,
,,,,,,,,,,,,
,,,,,,,,,,,,
,,,,,,,,,,,,
,,,,,,,,,,,,
,,,,,,,,,,,,
,,,,,,,,,,,,
,,,,,,,,,,,,
,,,,,,,,,,,,
,,,,,,,,,,,,
,,,,,,,,,,,,
,,,,,,,,,,,,
,,,,,,,,,,,,
,,,,,,,,,,,,
,,,,,,,,,,,,
,,,,,,,,,,,,
,,,,,,,,,,,,
,,,,,,,,,,,,
,,,,,,,,,,,,
,,,,,,,,,,,,
,,,,,,,,,,,,
,,,,,,,,,,,,
,,,,,,,,,,,,
,,,,,,,,,,,,
,,,,,,,,,,,,
,,,,,,,,,,,,
,,,,,,,,,,,,
,,,,,,,,,,,,
,,,,,,,,,,,,
,,,,,,,,,,,,
,,,,,,,,,,,,
,,,,,,,,,,,,
,,,,,,,,,,,,
,,,,,,,,,,,,
,,,,,,,,,,,,
,,,,,,,,,,,,
,,,,,,,,,,,,
,,,,,,,,,,,,
,,,,,,,,,,,,
,,,,,,,,,,,,
,,,,,,,,,,,,
,,,,,,,,,,,,
,,,,,,,,,,,,
,,,,,,,,,,,,
,,,,,,,,,,,,
,,,,,,,,,,,,
,,,,,,,,,,,,
,,,,,,,,,,,,
,,,,,,,,,,,,
,,,,,,,,,,,,
,,,,,,,,,,,,
,,,,,,,,,,,,
